21_aki/q1.html,基礎理論
21_aki/q2.html,基礎理論
21_aki/q3.html,基礎理論
21_aki/q4.html,基礎理論
21_aki/q5.html,アルゴリズムとプログラミング
21_aki/q6.html,アルゴリズムとプログラミング
21_aki/q7.html,アルゴリズムとプログラミング
21_aki/q8.html,アルゴリズムとプログラミング
21_aki/q9.html,コンピュータ構成要素
21_aki/q10.html,コンピュータ構成要素
21_aki/q11.html,コンピュータ構成要素
21_aki/q12.html,コンピュータ構成要素
21_aki/q13.html,コンピュータ構成要素
21_aki/q14.html,システム構成要素
21_aki/q15.html,システム構成要素
21_aki/q16.html,システム構成要素
21_aki/q17.html,システム構成要素
21_aki/q18.html,ソフトウェア
21_aki/q19.html,ソフトウェア
21_aki/q20.html,ソフトウェア
21_aki/q21.html,ソフトウェア
21_aki/q22.html,ハードウェア
21_aki/q23.html,ハードウェア
21_aki/q24.html,ハードウェア
21_aki/q25.html,ヒューマンインターフェイス
21_aki/q26.html,ヒューマンインターフェイス
21_aki/q27.html,ヒューマンインターフェイス
21_aki/q28.html,マルチメディア
21_aki/q29.html,マルチメディア
21_aki/q30.html,データベース
21_aki/q31.html,データベース
21_aki/q32.html,データベース
21_aki/q33.html,データベース
21_aki/q34.html,ネットワーク
21_aki/q35.html,ネットワーク
21_aki/q36.html,ネットワーク
21_aki/q37.html,ネットワーク
21_aki/q38.html,セキュリティ
21_aki/q39.html,セキュリティ
21_aki/q40.html,セキュリティ
21_aki/q41.html,セキュリティ
21_aki/q42.html,セキュリティ
21_aki/q43.html,システム開発技術
21_aki/q44.html,システム開発技術
21_aki/q45.html,システム開発技術
21_aki/q46.html,ソフトウェア
21_aki/q47.html,システム開発技術
21_aki/q48.html,システム開発技術
21_aki/q49.html,ソフトウェア開発管理技術
21_aki/q50.html,プロジェクトマネジメント
21_aki/q51.html,プロジェクトマネジメント
21_aki/q52.html,プロジェクトマネジメント
21_aki/q53.html,プロジェクトマネジメント
21_aki/q54.html,プロジェクトマネジメント
21_aki/q55.html,サービスマネジメント
21_aki/q56.html,サービスマネジメント
21_aki/q57.html,サービスマネジメント
21_aki/q58.html,システム監査
21_aki/q59.html,システム監査
21_aki/q60.html,システム監査
21_aki/q61.html,システム戦略
21_aki/q62.html,システム戦略
21_aki/q63.html,システム戦略
21_aki/q64.html,システム戦略
21_aki/q65.html,システム企画
21_aki/q66.html,企業活動
21_aki/q67.html,システム企画
21_aki/q68.html,システム企画
21_aki/q69.html,経営戦略マネジメント
21_aki/q70.html,企業活動
21_aki/q71.html,技術戦略マネジメント
21_aki/q72.html,ビジネスインダストリ
21_aki/q73.html,ビジネスインダストリ
21_aki/q74.html,法務
21_aki/q75.html,企業活動
21_aki/q76.html,企業活動
21_aki/q77.html,企業活動
21_aki/q78.html,法務
21_aki/q79.html,法務
21_aki/q80.html,法務
21_haru/q1.html,システム構成要素
21_haru/q2.html,基礎理論
21_haru/q3.html,基礎理論
21_haru/q4.html,基礎理論
21_haru/q5.html,基礎理論
21_haru/q6.html,アルゴリズムとプログラミング
21_haru/q7.html,アルゴリズムとプログラミング
21_haru/q8.html,アルゴリズムとプログラミング
21_haru/q9.html,コンピュータ構成要素
21_haru/q10.html,コンピュータ構成要素
21_haru/q11.html,コンピュータ構成要素
21_haru/q12.html,コンピュータ構成要素
21_haru/q13.html,コンピュータ構成要素
21_haru/q14.html,システム構成要素
21_haru/q15.html,システム構成要素
21_haru/q16.html,システム構成要素
21_haru/q17.html,ソフトウェア
21_haru/q18.html,アルゴリズムとプログラミング
21_haru/q19.html,ソフトウェア
21_haru/q20.html,アルゴリズムとプログラミング
21_haru/q21.html,ソフトウェア
21_haru/q22.html,ハードウェア
21_haru/q23.html,ハードウェア
21_haru/q24.html,ハードウェア
21_haru/q25.html,ヒューマンインターフェイス
21_haru/q26.html,ヒューマンインターフェイス
21_haru/q27.html,ヒューマンインターフェイス
21_haru/q28.html,マルチメディア
21_haru/q29.html,マルチメディア
21_haru/q30.html,マルチメディア
21_haru/q31.html,データベース
21_haru/q32.html,データベース
21_haru/q33.html,データベース
21_haru/q34.html,データベース
21_haru/q35.html,ネットワーク
21_haru/q36.html,ネットワーク
21_haru/q37.html,ネットワーク
21_haru/q38.html,セキュリティ
21_haru/q39.html,セキュリティ
21_haru/q40.html,セキュリティ
21_haru/q41.html,セキュリティ
21_haru/q42.html,セキュリティ
21_haru/q43.html,システム開発技術
21_haru/q44.html,システム開発技術
21_haru/q45.html,システム開発技術
21_haru/q46.html,システム開発技術
21_haru/q47.html,システム開発技術
21_haru/q48.html,ソフトウェア開発管理技術
21_haru/q49.html,ソフトウェア開発管理技術
21_haru/q50.html,プロジェクトマネジメント
21_haru/q51.html,プロジェクトマネジメント
21_haru/q52.html,プロジェクトマネジメント
21_haru/q53.html,プロジェクトマネジメント
21_haru/q54.html,プロジェクトマネジメント
21_haru/q55.html,サービスマネジメント
21_haru/q56.html,サービスマネジメント
21_haru/q57.html,サービスマネジメント
21_haru/q58.html,システム監査
21_haru/q59.html,システム監査
21_haru/q60.html,サービスマネジメント
21_haru/q61.html,システム企画
21_haru/q62.html,システム戦略
21_haru/q63.html,企業活動
21_haru/q64.html,経営戦略マネジメント
21_haru/q65.html,システム企画
21_haru/q66.html,システム企画
21_haru/q67.html,経営戦略マネジメント
21_haru/q68.html,経営戦略マネジメント
21_haru/q69.html,経営戦略マネジメント
21_haru/q70.html,技術戦略マネジメント
21_haru/q71.html,ビジネスインダストリ
21_haru/q72.html,ビジネスインダストリ
21_haru/q73.html,ビジネスインダストリ
21_haru/q74.html,ビジネスインダストリ
21_haru/q75.html,企業活動
21_haru/q76.html,企業活動
21_haru/q77.html,企業活動
21_haru/q78.html,法務
21_haru/q79.html,法務
21_haru/q80.html,法務
22_aki/q1.html,基礎理論
22_aki/q2.html,基礎理論
22_aki/q3.html,基礎理論
22_aki/q4.html,基礎理論
22_aki/q5.html,アルゴリズムとプログラミング
22_aki/q6.html,アルゴリズムとプログラミング
22_aki/q7.html,アルゴリズムとプログラミング
22_aki/q8.html,アルゴリズムとプログラミング
22_aki/q9.html,コンピュータ構成要素
22_aki/q10.html,コンピュータ構成要素
22_aki/q11.html,コンピュータ構成要素
22_aki/q12.html,コンピュータ構成要素
22_aki/q13.html,コンピュータ構成要素
22_aki/q14.html,システム構成要素
22_aki/q15.html,システム構成要素
22_aki/q16.html,システム構成要素
22_aki/q17.html,システム構成要素
22_aki/q18.html,ソフトウェア
22_aki/q19.html,ソフトウェア
22_aki/q20.html,ソフトウェア
22_aki/q21.html,ソフトウェア
22_aki/q22.html,ソフトウェア
22_aki/q23.html,ハードウェア
22_aki/q24.html,ハードウェア
22_aki/q25.html,ハードウェア
22_aki/q26.html,ヒューマンインターフェイス
22_aki/q27.html,マルチメディア
22_aki/q28.html,データベース
22_aki/q29.html,データベース
22_aki/q30.html,データベース
22_aki/q31.html,データベース
22_aki/q32.html,データベース
22_aki/q33.html,ネットワーク
22_aki/q34.html,ネットワーク
22_aki/q35.html,ネットワーク
22_aki/q36.html,ネットワーク
22_aki/q37.html,ネットワーク
22_aki/q38.html,セキュリティ
22_aki/q39.html,セキュリティ
22_aki/q40.html,セキュリティ
22_aki/q41.html,セキュリティ
22_aki/q42.html,セキュリティ
22_aki/q43.html,セキュリティ
22_aki/q44.html,システム開発技術
22_aki/q45.html,システム開発技術
22_aki/q46.html,システム開発技術
22_aki/q47.html,ソフトウェア開発管理技術
22_aki/q48.html,ソフトウェア開発管理技術
22_aki/q49.html,ソフトウェア開発管理技術
22_aki/q50.html,プロジェクトマネジメント
22_aki/q51.html,プロジェクトマネジメント
22_aki/q52.html,プロジェクトマネジメント
22_aki/q53.html,プロジェクトマネジメント
22_aki/q54.html,プロジェクトマネジメント
22_aki/q55.html,サービスマネジメント
22_aki/q56.html,サービスマネジメント
22_aki/q57.html,サービスマネジメント
22_aki/q58.html,システム監査
22_aki/q59.html,システム監査
22_aki/q60.html,システム監査
22_aki/q61.html,システム戦略
22_aki/q62.html,システム戦略
22_aki/q63.html,システム戦略
22_aki/q64.html,システム戦略
22_aki/q65.html,経営戦略マネジメント
22_aki/q66.html,システム企画
22_aki/q67.html,経営戦略マネジメント
22_aki/q68.html,企業活動
22_aki/q69.html,経営戦略マネジメント
22_aki/q70.html,ビジネスインダストリ
22_aki/q71.html,ビジネスインダストリ
22_aki/q72.html,企業活動
22_aki/q73.html,ビジネスインダストリ
22_aki/q74.html,企業活動
22_aki/q75.html,企業活動
22_aki/q76.html,企業活動
22_aki/q77.html,企業活動
22_aki/q78.html,法務
22_aki/q79.html,法務
22_aki/q80.html,法務
22_haru/q1.html,基礎理論
22_haru/q2.html,基礎理論
22_haru/q3.html,基礎理論
22_haru/q4.html,基礎理論
22_haru/q5.html,アルゴリズムとプログラミング
22_haru/q6.html,アルゴリズムとプログラミング
22_haru/q7.html,アルゴリズムとプログラミング
22_haru/q8.html,アルゴリズムとプログラミング
22_haru/q9.html,コンピュータ構成要素
22_haru/q10.html,コンピュータ構成要素
22_haru/q11.html,コンピュータ構成要素
22_haru/q12.html,システム構成要素
22_haru/q13.html,システム構成要素
22_haru/q14.html,システム構成要素
22_haru/q15.html,システム構成要素
22_haru/q16.html,システム構成要素
22_haru/q17.html,システム構成要素
22_haru/q18.html,ソフトウェア
22_haru/q19.html,ソフトウェア
22_haru/q20.html,ソフトウェア
22_haru/q21.html,ソフトウェア
22_haru/q22.html,ソフトウェア
22_haru/q23.html,ハードウェア
22_haru/q24.html,コンピュータ構成要素
22_haru/q25.html,ハードウェア
22_haru/q26.html,ヒューマンインターフェイス
22_haru/q27.html,マルチメディア
22_haru/q28.html,マルチメディア
22_haru/q29.html,データベース
22_haru/q30.html,データベース
22_haru/q31.html,データベース
22_haru/q32.html,データベース
22_haru/q33.html,データベース
22_haru/q34.html,データベース
22_haru/q35.html,ネットワーク
22_haru/q36.html,ネットワーク
22_haru/q37.html,ネットワーク
22_haru/q38.html,ネットワーク
22_haru/q39.html,ネットワーク
22_haru/q40.html,セキュリティ
22_haru/q41.html,セキュリティ
22_haru/q42.html,セキュリティ
22_haru/q43.html,セキュリティ
22_haru/q44.html,システム開発技術
22_haru/q45.html,システム開発技術
22_haru/q46.html,ソフトウェア開発管理技術
22_haru/q47.html,システム開発技術
22_haru/q48.html,システム開発技術
22_haru/q49.html,ソフトウェア開発管理技術
22_haru/q50.html,プロジェクトマネジメント
22_haru/q51.html,プロジェクトマネジメント
22_haru/q52.html,プロジェクトマネジメント
22_haru/q53.html,プロジェクトマネジメント
22_haru/q54.html,サービスマネジメント
22_haru/q55.html,サービスマネジメント
22_haru/q56.html,サービスマネジメント
22_haru/q57.html,サービスマネジメント
22_haru/q58.html,サービスマネジメント
22_haru/q59.html,システム監査
22_haru/q60.html,システム監査
22_haru/q61.html,システム企画
22_haru/q62.html,システム戦略
22_haru/q63.html,システム戦略
22_haru/q64.html,システム戦略
22_haru/q65.html,システム企画
22_haru/q66.html,経営戦略マネジメント
22_haru/q67.html,経営戦略マネジメント
22_haru/q68.html,経営戦略マネジメント
22_haru/q69.html,技術戦略マネジメント
22_haru/q70.html,ビジネスインダストリ
22_haru/q71.html,ビジネスインダストリ
22_haru/q72.html,ビジネスインダストリ
22_haru/q73.html,ビジネスインダストリ
22_haru/q74.html,企業活動
22_haru/q75.html,企業活動
22_haru/q76.html,企業活動
22_haru/q77.html,企業活動
22_haru/q78.html,企業活動
22_haru/q79.html,法務
22_haru/q80.html,法務
23_aki/q1.html,基礎理論
23_aki/q2.html,基礎理論
23_aki/q3.html,基礎理論
23_aki/q4.html,基礎理論
23_aki/q5.html,アルゴリズムとプログラミング
23_aki/q6.html,アルゴリズムとプログラミング
23_aki/q7.html,アルゴリズムとプログラミング
23_aki/q8.html,アルゴリズムとプログラミング
23_aki/q9.html,コンピュータ構成要素
23_aki/q10.html,コンピュータ構成要素
23_aki/q11.html,コンピュータ構成要素
23_aki/q12.html,コンピュータ構成要素
23_aki/q13.html,コンピュータ構成要素
23_aki/q14.html,システム構成要素
23_aki/q15.html,システム構成要素
23_aki/q16.html,システム構成要素
23_aki/q17.html,システム構成要素
23_aki/q18.html,システム構成要素
23_aki/q19.html,ソフトウェア
23_aki/q20.html,ソフトウェア
23_aki/q21.html,ソフトウェア
23_aki/q22.html,アルゴリズムとプログラミング
23_aki/q23.html,ハードウェア
23_aki/q24.html,ハードウェア
23_aki/q25.html,ハードウェア
23_aki/q26.html,ヒューマンインターフェイス
23_aki/q27.html,マルチメディア
23_aki/q28.html,データベース
23_aki/q29.html,データベース
23_aki/q30.html,データベース
23_aki/q31.html,データベース
23_aki/q32.html,データベース
23_aki/q33.html,データベース
23_aki/q34.html,ネットワーク
23_aki/q35.html,ネットワーク
23_aki/q36.html,ネットワーク
23_aki/q37.html,ネットワーク
23_aki/q38.html,セキュリティ
23_aki/q39.html,セキュリティ
23_aki/q40.html,セキュリティ
23_aki/q41.html,セキュリティ
23_aki/q42.html,セキュリティ
23_aki/q43.html,システム開発技術
23_aki/q44.html,システム開発技術
23_aki/q45.html,システム開発技術
23_aki/q46.html,システム開発技術
23_aki/q47.html,システム開発技術
23_aki/q48.html,システム開発技術
23_aki/q49.html,ソフトウェア開発管理技術
23_aki/q50.html,プロジェクトマネジメント
23_aki/q51.html,プロジェクトマネジメント
23_aki/q52.html,プロジェクトマネジメント
23_aki/q53.html,プロジェクトマネジメント
23_aki/q54.html,サービスマネジメント
23_aki/q55.html,サービスマネジメント
23_aki/q56.html,サービスマネジメント
23_aki/q57.html,システム監査
23_aki/q58.html,システム監査
23_aki/q59.html,システム監査
23_aki/q60.html,企業活動
23_aki/q61.html,システム戦略
23_aki/q62.html,システム戦略
23_aki/q63.html,システム戦略
23_aki/q64.html,システム企画
23_aki/q65.html,システム企画
23_aki/q66.html,経営戦略マネジメント
23_aki/q67.html,企業活動
23_aki/q68.html,経営戦略マネジメント
23_aki/q69.html,経営戦略マネジメント
23_aki/q70.html,技術戦略マネジメント
23_aki/q71.html,ビジネスインダストリ
23_aki/q72.html,ビジネスインダストリ
23_aki/q73.html,法務
23_aki/q74.html,企業活動
23_aki/q75.html,企業活動
23_aki/q76.html,企業活動
23_aki/q77.html,企業活動
23_aki/q78.html,法務
23_aki/q79.html,法務
23_aki/q80.html,法務
23_haru/q1.html,基礎理論
23_haru/q2.html,基礎理論
23_haru/q3.html,基礎理論
23_haru/q4.html,基礎理論
23_haru/q5.html,基礎理論
23_haru/q6.html,アルゴリズムとプログラミング
23_haru/q7.html,アルゴリズムとプログラミング
23_haru/q8.html,アルゴリズムとプログラミング
23_haru/q9.html,アルゴリズムとプログラミング
23_haru/q10.html,コンピュータ構成要素
23_haru/q11.html,コンピュータ構成要素
23_haru/q12.html,コンピュータ構成要素
23_haru/q13.html,システム構成要素
23_haru/q14.html,システム構成要素
23_haru/q15.html,システム構成要素
23_haru/q16.html,システム構成要素
23_haru/q17.html,システム構成要素
23_haru/q18.html,システム構成要素
23_haru/q19.html,ソフトウェア
23_haru/q20.html,ソフトウェア
23_haru/q21.html,ソフトウェア
23_haru/q22.html,ソフトウェア
23_haru/q23.html,ソフトウェア
23_haru/q24.html,ハードウェア
23_haru/q25.html,ハードウェア
23_haru/q26.html,ヒューマンインターフェイス
23_haru/q27.html,マルチメディア
23_haru/q28.html,データベース
23_haru/q29.html,データベース
23_haru/q30.html,データベース
23_haru/q31.html,データベース
23_haru/q32.html,データベース
23_haru/q33.html,データベース
23_haru/q34.html,ネットワーク
23_haru/q35.html,ネットワーク
23_haru/q36.html,ネットワーク
23_haru/q37.html,ネットワーク
23_haru/q38.html,ネットワーク
23_haru/q39.html,ネットワーク
23_haru/q40.html,ネットワーク
23_haru/q41.html,セキュリティ
23_haru/q42.html,セキュリティ
23_haru/q43.html,セキュリティ
23_haru/q44.html,セキュリティ
23_haru/q45.html,システム開発技術
23_haru/q46.html,システム開発技術
23_haru/q47.html,システム開発技術
23_haru/q48.html,システム開発技術
23_haru/q49.html,ソフトウェア開発管理技術
23_haru/q50.html,プロジェクトマネジメント
23_haru/q51.html,プロジェクトマネジメント
23_haru/q52.html,プロジェクトマネジメント
23_haru/q53.html,プロジェクトマネジメント
23_haru/q54.html,プロジェクトマネジメント
23_haru/q55.html,サービスマネジメント
23_haru/q56.html,サービスマネジメント
23_haru/q57.html,システム監査
23_haru/q58.html,システム監査
23_haru/q59.html,システム監査
23_haru/q60.html,システム監査
23_haru/q61.html,システム戦略
23_haru/q62.html,システム戦略
23_haru/q63.html,システム戦略
23_haru/q64.html,システム企画
23_haru/q65.html,システム企画
23_haru/q66.html,経営戦略マネジメント
23_haru/q67.html,経営戦略マネジメント
23_haru/q68.html,経営戦略マネジメント
23_haru/q69.html,技術戦略マネジメント
23_haru/q70.html,企業活動
23_haru/q71.html,ビジネスインダストリ
23_haru/q72.html,ビジネスインダストリ
23_haru/q73.html,企業活動
23_haru/q74.html,企業活動
23_haru/q75.html,企業活動
23_haru/q76.html,企業活動
23_haru/q77.html,法務
23_haru/q78.html,法務
23_haru/q79.html,法務
23_haru/q80.html,法務
23_toku/q1.html,基礎理論
23_toku/q2.html,基礎理論
23_toku/q3.html,基礎理論
23_toku/q4.html,基礎理論
23_toku/q5.html,基礎理論
23_toku/q6.html,アルゴリズムとプログラミング
23_toku/q7.html,アルゴリズムとプログラミング
23_toku/q8.html,アルゴリズムとプログラミング
23_toku/q9.html,アルゴリズムとプログラミング
23_toku/q10.html,コンピュータ構成要素
23_toku/q11.html,コンピュータ構成要素
23_toku/q12.html,コンピュータ構成要素
23_toku/q13.html,システム構成要素
23_toku/q14.html,システム構成要素
23_toku/q15.html,システム構成要素
23_toku/q16.html,システム構成要素
23_toku/q17.html,システム構成要素
23_toku/q18.html,システム構成要素
23_toku/q19.html,ソフトウェア
23_toku/q20.html,ソフトウェア
23_toku/q21.html,ソフトウェア
23_toku/q22.html,ソフトウェア
23_toku/q23.html,ソフトウェア
23_toku/q24.html,ハードウェア
23_toku/q25.html,ハードウェア
23_toku/q26.html,ヒューマンインターフェイス
23_toku/q27.html,マルチメディア
23_toku/q28.html,データベース
23_toku/q29.html,データベース
23_toku/q30.html,データベース
23_toku/q31.html,データベース
23_toku/q32.html,データベース
23_toku/q33.html,データベース
23_toku/q34.html,ネットワーク
23_toku/q35.html,ネットワーク
23_toku/q36.html,ネットワーク
23_toku/q37.html,ネットワーク
23_toku/q38.html,ネットワーク
23_toku/q39.html,ネットワーク
23_toku/q40.html,ネットワーク
23_toku/q41.html,セキュリティ
23_toku/q42.html,セキュリティ
23_toku/q43.html,セキュリティ
23_toku/q44.html,セキュリティ
23_toku/q45.html,システム開発技術
23_toku/q46.html,システム開発技術
23_toku/q47.html,システム開発技術
23_toku/q48.html,システム開発技術
23_toku/q49.html,ソフトウェア開発管理技術
23_toku/q50.html,プロジェクトマネジメント
23_toku/q51.html,プロジェクトマネジメント
23_toku/q52.html,プロジェクトマネジメント
23_toku/q53.html,プロジェクトマネジメント
23_toku/q54.html,プロジェクトマネジメント
23_toku/q55.html,サービスマネジメント
23_toku/q56.html,サービスマネジメント
23_toku/q57.html,システム監査
23_toku/q58.html,システム監査
23_toku/q59.html,システム監査
23_toku/q60.html,システム監査
23_toku/q61.html,システム戦略
23_toku/q62.html,システム戦略
23_toku/q63.html,システム戦略
23_toku/q64.html,システム企画
23_toku/q65.html,システム企画
23_toku/q66.html,経営戦略マネジメント
23_toku/q67.html,経営戦略マネジメント
23_toku/q68.html,経営戦略マネジメント
23_toku/q69.html,技術戦略マネジメント
23_toku/q70.html,企業活動
23_toku/q71.html,ビジネスインダストリ
23_toku/q72.html,ビジネスインダストリ
23_toku/q73.html,企業活動
23_toku/q74.html,企業活動
23_toku/q75.html,企業活動
23_toku/q76.html,企業活動
23_toku/q77.html,法務
23_toku/q78.html,法務
23_toku/q79.html,法務
23_toku/q80.html,法務
24_aki/q1.html,基礎理論
24_aki/q2.html,基礎理論
24_aki/q3.html,基礎理論
24_aki/q4.html,基礎理論
24_aki/q5.html,アルゴリズムとプログラミング
24_aki/q6.html,アルゴリズムとプログラミング
24_aki/q7.html,アルゴリズムとプログラミング
24_aki/q8.html,アルゴリズムとプログラミング
24_aki/q9.html,コンピュータ構成要素
24_aki/q10.html,コンピュータ構成要素
24_aki/q11.html,コンピュータ構成要素
24_aki/q12.html,コンピュータ構成要素
24_aki/q13.html,システム構成要素
24_aki/q14.html,システム構成要素
24_aki/q15.html,ソフトウェア
24_aki/q16.html,システム構成要素
24_aki/q17.html,ソフトウェア
24_aki/q18.html,ソフトウェア
24_aki/q19.html,ソフトウェア
24_aki/q20.html,ソフトウェア
24_aki/q21.html,ハードウェア
24_aki/q22.html,ハードウェア
24_aki/q23.html,ヒューマンインターフェイス
24_aki/q24.html,マルチメディア
24_aki/q25.html,システム構成要素
24_aki/q26.html,データベース
24_aki/q27.html,データベース
24_aki/q28.html,データベース
24_aki/q29.html,データベース
24_aki/q30.html,ネットワーク
24_aki/q31.html,ネットワーク
24_aki/q32.html,アルゴリズムとプログラミング
24_aki/q33.html,セキュリティ
24_aki/q34.html,マルチメディア
24_aki/q35.html,ネットワーク
24_aki/q36.html,セキュリティ
24_aki/q37.html,セキュリティ
24_aki/q38.html,セキュリティ
24_aki/q39.html,セキュリティ
24_aki/q40.html,セキュリティ
24_aki/q41.html,セキュリティ
24_aki/q42.html,セキュリティ
24_aki/q43.html,セキュリティ
24_aki/q44.html,システム開発技術
24_aki/q45.html,システム開発技術
24_aki/q46.html,ソフトウェア開発管理技術
24_aki/q47.html,ソフトウェア開発管理技術
24_aki/q48.html,ソフトウェア開発管理技術
24_aki/q49.html,ソフトウェア開発管理技術
24_aki/q50.html,ソフトウェア開発管理技術
24_aki/q51.html,プロジェクトマネジメント
24_aki/q52.html,プロジェクトマネジメント
24_aki/q53.html,プロジェクトマネジメント
24_aki/q54.html,プロジェクトマネジメント
24_aki/q55.html,サービスマネジメント
24_aki/q56.html,サービスマネジメント
24_aki/q57.html,システム監査
24_aki/q58.html,システム監査
24_aki/q59.html,システム監査
24_aki/q60.html,システム監査
24_aki/q61.html,システム戦略
24_aki/q62.html,システム戦略
24_aki/q63.html,システム戦略
24_aki/q64.html,システム企画
24_aki/q65.html,システム企画
24_aki/q66.html,システム企画
24_aki/q67.html,経営戦略マネジメント
24_aki/q68.html,経営戦略マネジメント
24_aki/q69.html,経営戦略マネジメント
24_aki/q70.html,技術戦略マネジメント
24_aki/q71.html,ビジネスインダストリ
24_aki/q72.html,ビジネスインダストリ
24_aki/q73.html,ビジネスインダストリ
24_aki/q74.html,ビジネスインダストリ
24_aki/q75.html,企業活動
24_aki/q76.html,企業活動
24_aki/q77.html,企業活動
24_aki/q78.html,法務
24_aki/q79.html,法務
24_aki/q80.html,法務
24_haru/q1.html,基礎理論
24_haru/q2.html,基礎理論
24_haru/q3.html,基礎理論
24_haru/q4.html,基礎理論
24_haru/q5.html,基礎理論
24_haru/q6.html,アルゴリズムとプログラミング
24_haru/q7.html,アルゴリズムとプログラミング
24_haru/q8.html,アルゴリズムとプログラミング
24_haru/q9.html,アルゴリズムとプログラミング
24_haru/q10.html,コンピュータ構成要素
24_haru/q11.html,コンピュータ構成要素
24_haru/q12.html,コンピュータ構成要素
24_haru/q13.html,コンピュータ構成要素
24_haru/q14.html,システム構成要素
24_haru/q15.html,システム構成要素
24_haru/q16.html,システム構成要素
24_haru/q17.html,システム構成要素
24_haru/q18.html,システム構成要素
24_haru/q19.html,システム構成要素
24_haru/q20.html,ソフトウェア
24_haru/q21.html,ソフトウェア
24_haru/q22.html,ソフトウェア
24_haru/q23.html,ハードウェア
24_haru/q24.html,ハードウェア
24_haru/q25.html,マルチメディア
24_haru/q26.html,データベース
24_haru/q27.html,データベース
24_haru/q28.html,データベース
24_haru/q29.html,データベース
24_haru/q30.html,データベース
24_haru/q31.html,データベース
24_haru/q32.html,ネットワーク
24_haru/q33.html,ネットワーク
24_haru/q34.html,ネットワーク
24_haru/q35.html,ネットワーク
24_haru/q36.html,セキュリティ
24_haru/q37.html,セキュリティ
24_haru/q38.html,セキュリティ
24_haru/q39.html,セキュリティ
24_haru/q40.html,セキュリティ
24_haru/q41.html,セキュリティ
24_haru/q42.html,セキュリティ
24_haru/q43.html,セキュリティ
24_haru/q44.html,セキュリティ
24_haru/q45.html,システム開発技術
24_haru/q46.html,システム開発技術
24_haru/q47.html,システム開発技術
24_haru/q48.html,システム開発技術
24_haru/q49.html,ソフトウェア開発管理技術
24_haru/q50.html,ソフトウェア開発管理技術
24_haru/q51.html,プロジェクトマネジメント
24_haru/q52.html,プロジェクトマネジメント
24_haru/q53.html,プロジェクトマネジメント
24_haru/q54.html,プロジェクトマネジメント
24_haru/q55.html,サービスマネジメント
24_haru/q56.html,サービスマネジメント
24_haru/q57.html,サービスマネジメント
24_haru/q58.html,システム監査
24_haru/q59.html,システム監査
24_haru/q60.html,システム監査
24_haru/q61.html,企業活動
24_haru/q62.html,システム戦略
24_haru/q63.html,システム企画
24_haru/q64.html,システム企画
24_haru/q65.html,システム企画
24_haru/q66.html,経営戦略マネジメント
24_haru/q67.html,経営戦略マネジメント
24_haru/q68.html,経営戦略マネジメント
24_haru/q69.html,経営戦略マネジメント
24_haru/q70.html,経営戦略マネジメント
24_haru/q71.html,システム企画
24_haru/q72.html,ビジネスインダストリ
24_haru/q73.html,ビジネスインダストリ
24_haru/q74.html,企業活動
24_haru/q75.html,企業活動
24_haru/q76.html,企業活動
24_haru/q77.html,企業活動
24_haru/q78.html,法務
24_haru/q79.html,法務
24_haru/q80.html,法務
25_haru/q1.html,基礎理論
25_haru/q2.html,基礎理論
25_haru/q3.html,基礎理論
25_haru/q4.html,基礎理論
25_haru/q5.html,アルゴリズムとプログラミング
25_haru/q6.html,アルゴリズムとプログラミング
25_haru/q7.html,アルゴリズムとプログラミング
25_haru/q8.html,アルゴリズムとプログラミング
25_haru/q9.html,コンピュータ構成要素
25_haru/q10.html,コンピュータ構成要素
25_haru/q11.html,コンピュータ構成要素
25_haru/q12.html,コンピュータ構成要素
25_haru/q13.html,システム構成要素
25_haru/q14.html,システム構成要素
25_haru/q15.html,システム構成要素
25_haru/q16.html,システム構成要素
25_haru/q17.html,ソフトウェア
25_haru/q18.html,ソフトウェア
25_haru/q19.html,ソフトウェア
25_haru/q20.html,アルゴリズムとプログラミング
25_haru/q21.html,ソフトウェア
25_haru/q22.html,ハードウェア
25_haru/q23.html,ハードウェア
25_haru/q24.html,ハードウェア
25_haru/q25.html,ヒューマンインターフェイス
25_haru/q26.html,マルチメディア
25_haru/q27.html,システム構成要素
25_haru/q28.html,データベース
25_haru/q29.html,データベース
25_haru/q30.html,データベース
25_haru/q31.html,データベース
25_haru/q32.html,ネットワーク
25_haru/q33.html,ネットワーク
25_haru/q34.html,ネットワーク
25_haru/q35.html,ネットワーク
25_haru/q36.html,セキュリティ
25_haru/q37.html,セキュリティ
25_haru/q38.html,セキュリティ
25_haru/q39.html,セキュリティ
25_haru/q40.html,セキュリティ
25_haru/q41.html,セキュリティ
25_haru/q42.html,セキュリティ
25_haru/q43.html,セキュリティ
25_haru/q44.html,セキュリティ
25_haru/q45.html,システム開発技術
25_haru/q46.html,システム開発技術
25_haru/q47.html,システム開発技術
25_haru/q48.html,システム開発技術
25_haru/q49.html,ソフトウェア開発管理技術
25_haru/q50.html,ソフトウェア開発管理技術
25_haru/q51.html,プロジェクトマネジメント
25_haru/q52.html,プロジェクトマネジメント
25_haru/q53.html,プロジェクトマネジメント
25_haru/q54.html,プロジェクトマネジメント
25_haru/q55.html,サービスマネジメント
25_haru/q56.html,サービスマネジメント
25_haru/q57.html,サービスマネジメント
25_haru/q58.html,システム監査
25_haru/q59.html,システム監査
25_haru/q60.html,システム監査
25_haru/q61.html,システム戦略
25_haru/q62.html,経営戦略マネジメント
25_haru/q63.html,ビジネスインダストリ
25_haru/q64.html,システム企画
25_haru/q65.html,システム企画
25_haru/q66.html,システム企画
25_haru/q67.html,経営戦略マネジメント
25_haru/q68.html,経営戦略マネジメント
25_haru/q69.html,経営戦略マネジメント
25_haru/q70.html,経営戦略マネジメント
25_haru/q71.html,ビジネスインダストリ
25_haru/q72.html,企業活動
25_haru/q73.html,ビジネスインダストリ
25_haru/q74.html,企業活動
25_haru/q75.html,企業活動
25_haru/q76.html,企業活動
25_haru/q77.html,企業活動
25_haru/q78.html,法務
25_haru/q79.html,法務
25_haru/q80.html,法務
